SET SQL_MODE = "NO_AUTO_VALUE_ON_ZERO";
SET AUTOCOMMIT = 0;
START TRANSACTION;
SET time_zone = "+00:00";

/*!40101 SET @OLD_CHARACTER_SET_CLIENT=@@CHARACTER_SET_CLIENT */;
/*!40101 SET @OLD_CHARACTER_SET_RESULTS=@@CHARACTER_SET_RESULTS */;
/*!40101 SET @OLD_COLLATION_CONNECTION=@@COLLATION_CONNECTION */;
/*!40101 SET NAMES utf8mb4 */;


DROP TABLE IF EXISTS `game`;
CREATE TABLE `game` (
  `gameid` int(11) NOT NULL,
  `createdon` timestamp NOT NULL DEFAULT CURRENT_TIMESTAMP,
  `isactive` tinyint(1) NOT NULL,
  `gametoken` char(8) NOT NULL
) ENGINE=InnoDB DEFAULT CHARSET=utf8;

DROP TABLE IF EXISTS `gameitem`;
CREATE TABLE `gameitem` (
  `gameid` int(11) NOT NULL,
  `itemlocid` varchar(64) NOT NULL,
  `itemid` varchar(64) NOT NULL
) ENGINE=InnoDB DEFAULT CHARSET=utf8;

DROP TABLE IF EXISTS `gamemeta`;
CREATE TABLE `gamemeta` (
  `gameid` int(11) NOT NULL,
  `metaid` varchar(32) NOT NULL,
  `value` varchar(32) NOT NULL
) ENGINE=InnoDB DEFAULT CHARSET=utf8;

DROP TABLE IF EXISTS `item`;
CREATE TABLE `item` (
  `sourceid` varchar(8) NOT NULL,
  `itemid` varchar(64) NOT NULL,
  `icon` varchar(16) DEFAULT NULL,
  `istracked` tinyint(1) NOT NULL
) ENGINE=InnoDB DEFAULT CHARSET=utf8;

INSERT INTO `item` (`sourceid`, `itemid`, `icon`, `istracked`) VALUES
('alttp', 'Agahnims Tower Key', 'smallkey', 0),
('alttp', 'Arrow Upgrade (+10)', 'arrows', 0),
('alttp', 'Arrow Upgrade (+5)', 'arrows', 0),
('alttp', 'Blue Boomerang', 'blueboomerang', 1),
('alttp', 'Bomb Upgrade (+10)', 'bombs', 0),
('alttp', 'Bomb Upgrade (+5)', 'bombs', 0),
('alttp', 'Bombos', 'bombos', 1),
('sm', 'Bombs', 'bombs', 1),
('alttp', 'Book Of Mudora', 'bookofmudora', 1),
('alttp', 'Bottle (Bee)', 'bottle', 1),
('alttp', 'Bottle (Blue Potion)', 'bottle', 1),
('alttp', 'Bottle (Empty)', 'bottle', 1),
('alttp', 'Bottle (Fairy)', 'bottle', 1),
('alttp', 'Bottle (Golden Bee)', 'bottle', 1),
('alttp', 'Bottle (Green Potion)', 'bottle', 1),
('alttp', 'Bottle (Red Potion)', 'bottle', 1),
('alttp', 'Bow', 'bow', 1),
('alttp', 'Bug Catching Net', 'net', 1),
('alttp', 'Cane Of Byrna', 'caneofbyrna', 1),
('alttp', 'Cane Of Somaria', 'caneofsomaria', 1),
('sm', 'Charge Beam', 'chargebeam', 1),
('alttp', 'Crystal 1', 'crystal', 1),
('alttp', 'Crystal 2', 'crystal', 1),
('alttp', 'Crystal 3', 'crystal', 1),
('alttp', 'Crystal 4', 'crystal', 1),
('alttp', 'Crystal 5', 'crystal', 1),
('alttp', 'Crystal 6', 'crystal', 1),
('alttp', 'Crystal 7', 'crystal', 1),
('alttp', 'Desert Palace Big Key', 'bigkey', 0),
('alttp', 'Desert Palace Compass', 'compass', 0),
('alttp', 'Desert Palace Key', 'smallkey', 0),
('alttp', 'Desert Palace Map', 'map', 0),
('alttp', 'Eastern Palace Big Key', 'bigkey', 0),
('alttp', 'Eastern Palace Compass', 'compass', 0),
('alttp', 'Eastern Palace Map', 'map', 0),
('sm', 'Energy Tank', 'energytank', 0),
('alttp', 'Ether', 'ether', 0),
('alttp', 'Fifty Rupees', 'rupees', 0),
('alttp', 'Fire Rod', 'firerod', 1),
('alttp', 'Five Rupees', 'rupees', 0),
('alttp', 'Flippers', 'flippers', 1),
('alttp', 'Flute', 'flute', 1),
('alttp', 'Ganons Tower Big Key', 'bigkey', 0),
('alttp', 'Ganons Tower Compass', 'compass', 0),
('alttp', 'Ganons Tower Key', 'smallkey', 0),
('alttp', 'Ganons Tower Map', 'map', 0),
('alttp', 'Grappling Beam', 'grapplingbeam', 1),
('sm', 'Gravity Suit', 'gravitysuit', 1),
('alttp', 'Half Magic', 'halfmagic', 1),
('alttp', 'Hammer', 'hammer', 1),
('alttp', 'Heart Container', 'heartcontainer', 0),
('sm', 'Hi-Jump Boots', 'hijumpboots', 1),
('alttp', 'Hookshot', 'hookshot', 1),
('sm', 'Ice Beam', 'icebeam', 1),
('alttp', 'Ice Palace Big Key', 'bigkey', 0),
('alttp', 'Ice Palace Compass', 'compass', 0),
('alttp', 'Ice Palace Key', 'smallkey', 0),
('alttp', 'Ice Palace Map', 'map', 0),
('alttp', 'Ice Rod', 'icerod', 1),
('alttp', 'Lamp', 'lamp', 1),
('alttp', 'Magic Cape', 'magiccape', 1),
('alttp', 'Magic Mirror', 'magicmirror', 1),
('alttp', 'Magic Powder', 'magicpowder', 1),
('alttp', 'Magical Boomerang', 'magicalboomerang', 1),
('alttp', 'Misery Mire Big Key', 'bigkey', 0),
('alttp', 'Misery Mire Compass', 'compass', 0),
('alttp', 'Misery Mire Key', 'smallkey', 0),
('alttp', 'Misery Mire Map', 'map', 0),
('sm', 'Missile', 'missile', 1),
('alttp', 'Moon Pearl', 'moonpearl', 1),
('sm', 'Morphing Ball', 'morphingball', 1),
('alttp', 'Mushroom', 'mushroom', 1),
('alttp', 'One Hundred Rupees', 'rupees', 0),
('alttp', 'One Rupee', 'rupees', 0),
('alttp', 'Palace of Darkness Big Key', 'bigkey', 0),
('alttp', 'Palace of Darkness Compass', 'compass', 0),
('alttp', 'Palace of Darkness Key', 'smallkey', 0),
('alttp', 'Palace of Darkness Map', 'map', 0),
('alttp', 'Pegasus Boots', 'pegasusboots', 1),
('alttp', 'Pendant Of Courage', 'pendantofcourage', 1),
('alttp', 'Pendant Of Power', 'pendantofpower', 1),
('alttp', 'Pendant Of Wisdom', 'pwndantofwisdom', 1),
('alttp', 'Piece Of Heart', 'pieceofheart', 0),
('sm', 'Plasma Beam', 'plasmabeam', 1),
('sm', 'Power Bomb', 'powerbomb', 1),
('alttp', 'Progressive Armor', 'armor1', 1),
('alttp', 'Progressive Glove', 'glove1', 1),
('alttp', 'Progressive Shield', 'shield1', 1),
('alttp', 'Progressive Sword', 'sword1', 1),
('alttp', 'Quake', 'quake', 1),
('sm', 'Reserve Tank', 'reservetank', 0),
('alttp', 'Sancturary Heart Container', 'heartcontainer', 0),
('sm', 'Screw Attack', 'screwattack', 1),
('alttp', 'Sewers Key', 'smallkey', 0),
('alttp', 'Sewers Map', 'map', 0),
('alttp', 'Shovel', 'shovel', 1),
('alttp', 'Silver Arrows Upgrade', 'silverarrows', 1),
('alttp', 'Single Arrow', 'arrows', 0),
('alttp', 'Skull Woods Big Key', 'bigkey', 0),
('alttp', 'Skull Woods Compass', 'compass', 0),
('alttp', 'Skull Woods Key', 'smallkey', 0),
('alttp', 'Skull Woods Map', 'map', 0),
('sm', 'Space Jump', 'spacejump', 1),
('sm', 'Spazer', 'spazer', 1),
('sm', 'Speed Booster', 'speedbooster', 1),
('sm', 'Spring Ball', 'springball', 1),
('sm', 'Super Missile', 'supermissile', 1),
('alttp', 'Swamp Palace Big Key', 'bigkey', 0),
('alttp', 'Swamp Palace Compass', 'compass', 0),
('alttp', 'Swamp Palace Key', 'smallkey', 0),
('alttp', 'Swamp Palace Map', 'map', 0),
('alttp', 'Ten Arrows', 'arrows', 0),
('alttp', 'Ten Bombs', 'bombs', 0),
('alttp', 'Thieves Town Big Key', 'bigkey', 0),
('alttp', 'Thieves Town Compass', 'compass', 0),
('alttp', 'Thieves Town Key', 'smallkey', 0),
('alttp', 'Thieves Town Map', 'map', 0),
('alttp', 'Three Bombs', 'bombs', 0),
('alttp', 'Three Hundred Rupees', 'rupees', 0),
('alttp', 'Tower of Hera Big Key', 'bigkey', 0),
('alttp', 'Tower of Hera Compass', 'compass', 0),
('alttp', 'Tower of Hera Key', 'smallkey', 0),
('alttp', 'Tower of Hera Map', 'map', 0),
('alttp', 'Turtle Rock Big Key', 'bigkey', 0),
('alttp', 'Turtle Rock Compass', 'compass', 0),
('alttp', 'Turtle Rock Key', 'smallkey', 0),
('alttp', 'Turtle Rock Map', 'map', 0),
('alttp', 'Twenty Rupees', 'rupees', 0),
('sm', 'Varia Suit', 'variasuit', 1),
('sm', 'Wave Beam', 'wavebeam', 1),
('sm', 'X-Ray Scope', 'xrayscope', 1);

DROP TABLE IF EXISTS `itemloc`;
CREATE TABLE `itemloc` (
  `sourceid` varchar(8) NOT NULL,
  `regionid` varchar(64) NOT NULL,
  `roomid` int(11) DEFAULT NULL,
  `itemlocid` varchar(64) NOT NULL,
  `xpos` int(11) DEFAULT NULL,
  `ypos` int(11) DEFAULT NULL,
  `memoryoffset` char(6) DEFAULT NULL,
  `bitmask` char(8) DEFAULT NULL
) ENGINE=InnoDB DEFAULT CHARSET=utf8;

INSERT INTO `itemloc` (`sourceid`, `regionid`, `roomid`, `itemlocid`, `xpos`, `ypos`, `memoryoffset`, `bitmask`) VALUES
('alttp', 'Light World', NULL, 'Aginah\'s Cave', NULL, NULL, NULL, NULL),
('alttp', 'Dark World', NULL, 'Blacksmith', NULL, NULL, NULL, NULL),
('alttp', 'Light World', NULL, 'Blind\'s Hideout - Far Left', NULL, NULL, NULL, NULL),
('alttp', 'Light World', NULL, 'Blind\'s Hideout - Far Right', NULL, NULL, NULL, NULL),
('alttp', 'Light World', NULL, 'Blind\'s Hideout - Left', NULL, NULL, NULL, NULL),
('alttp', 'Light World', NULL, 'Blind\'s Hideout - Right', NULL, NULL, NULL, NULL),
('alttp', 'Light World', NULL, 'Blind\'s Hideout - Top', NULL, NULL, NULL, NULL),
('alttp', 'Light World', NULL, 'Bombos Tablet', NULL, NULL, NULL, NULL),
('sm', 'Crateria', 21, 'Bombs', 12, 10, '7ED870', '10000000'),
('alttp', 'Light World', NULL, 'Bottle Merchant', NULL, NULL, NULL, NULL),
('alttp', 'Dark World', NULL, 'Brewery', NULL, NULL, NULL, NULL),
('alttp', 'Dark World', NULL, 'Bumper Cave', NULL, NULL, NULL, NULL),
('alttp', 'Dark World', NULL, 'C-Shaped House', NULL, NULL, NULL, NULL),
('alttp', 'Castle Tower', NULL, 'Castle Tower - Dark Maze', NULL, NULL, NULL, NULL),
('alttp', 'Castle Tower', NULL, 'Castle Tower - Room 03', NULL, NULL, NULL, NULL),
('alttp', 'Dark World', NULL, 'Catfish', NULL, NULL, NULL, NULL),
('alttp', 'Light World', NULL, 'Cave 45', NULL, NULL, NULL, NULL),
('sm', 'Brinstar', 9, 'Charge Beam', 37, 118, '7ED872', '10000000'),
('alttp', 'Light World', NULL, 'Checkerboard Cave', NULL, NULL, NULL, NULL),
('alttp', 'Dark World', NULL, 'Chest Game', NULL, NULL, NULL, NULL),
('alttp', 'Light World', NULL, 'Chicken House', NULL, NULL, NULL, NULL),
('alttp', 'Light World', NULL, 'Desert Ledge', NULL, NULL, NULL, NULL),
('alttp', 'Desert Palace', NULL, 'Desert Palace - Big Chest', NULL, NULL, NULL, NULL),
('alttp', 'Desert Palace', NULL, 'Desert Palace - Big Key Chest', NULL, NULL, NULL, NULL),
('alttp', 'Desert Palace', NULL, 'Desert Palace - Compass Chest', NULL, NULL, NULL, NULL),
('alttp', 'Desert Palace', NULL, 'Desert Palace - Lanmolas\'', NULL, NULL, NULL, NULL),
('alttp', 'Desert Palace', NULL, 'Desert Palace - Map Chest', NULL, NULL, NULL, NULL),
('alttp', 'Desert Palace', NULL, 'Desert Palace - Prize', NULL, NULL, NULL, NULL),
('alttp', 'Desert Palace', NULL, 'Desert Palace - Torch', NULL, NULL, NULL, NULL),
('alttp', 'Dark World', NULL, 'Digging Game', NULL, NULL, NULL, NULL),
('alttp', 'Eastern Palace', NULL, 'Eastern Palace - Armos Knights', NULL, NULL, NULL, NULL),
('alttp', 'Eastern Palace', NULL, 'Eastern Palace - Big Chest', NULL, NULL, NULL, NULL),
('alttp', 'Eastern Palace', NULL, 'Eastern Palace - Big Key Chest', NULL, NULL, NULL, NULL),
('alttp', 'Eastern Palace', NULL, 'Eastern Palace - Cannonball Chest', NULL, NULL, NULL, NULL),
('alttp', 'Eastern Palace', NULL, 'Eastern Palace - Compass Chest', NULL, NULL, NULL, NULL),
('alttp', 'Eastern Palace', NULL, 'Eastern Palace - Map Chest', NULL, NULL, NULL, NULL),
('alttp', 'Eastern Palace', NULL, 'Eastern Palace - Prize', NULL, NULL, NULL, NULL),
('sm', 'Norfair', 13, 'Energy Tank (Hi-Jump Boots)', 23, 8, '7ED877', '00000001'),
('sm', 'Maridia', 43, 'Energy Tank, Botwoon', 50, 5, '7ED883', '00000001'),
('sm', 'Brinstar', 16, 'Energy Tank, Brinstar Ceiling', 28, 34, '7ED873', '00100000'),
('sm', 'Brinstar', 26, 'Energy Tank, Brinstar Gate', 11, 9, '7ED874', '00001000'),
('sm', 'Norfair', 10, 'Energy Tank, Crocomire', 125, 6, '7ED876', '00010000'),
('sm', 'Brinstar', 19, 'Energy Tank, Etecoons', 5, 9, '7ED873', '01000000'),
('sm', 'Lower Norfair', 75, 'Energy Tank, Firefleas', 42, 81, '7ED87A', '00000001'),
('sm', 'Crateria', 16, 'Energy Tank, Gauntlet', 83, 8, '7ED870', '00100000'),
('sm', 'Brinstar', 43, 'Energy Tank, Kraid', 3, 4, '7ED875', '00001000'),
('sm', 'Maridia', 6, 'Energy Tank, Mama turtle', 31, 10, '7ED881', '00000100'),
('sm', 'Lower Norfair', 73, 'Energy Tank, Ridley', 14, 11, '7ED879', '01000000'),
('sm', 'Crateria', 24, 'Energy Tank, Terminator', 7, 42, '7ED871', '00000001'),
('sm', 'Brinstar', 23, 'Energy Tank, Waterway', 4, 9, '7ED874', '00000010'),
('sm', 'Wrecked Ship', 7, 'Energy Tank, Wrecked Ship', 3, 6, '7ED880', '00010000'),
('alttp', 'Death Mountain', NULL, 'Ether Tablet', NULL, NULL, NULL, NULL),
('alttp', 'Death Mountain', NULL, 'Floating Island', NULL, NULL, NULL, NULL),
('alttp', 'Light World', NULL, 'Floodgate Chest', NULL, NULL, NULL, NULL),
('alttp', 'Light World', NULL, 'Flute Spot', NULL, NULL, NULL, NULL),
('alttp', 'Ganons Tower', NULL, 'Ganon\'s Tower - Big Chest', NULL, NULL, NULL, NULL),
('alttp', 'Ganons Tower', NULL, 'Ganon\'s Tower - Big Key Chest', NULL, NULL, NULL, NULL),
('alttp', 'Ganons Tower', NULL, 'Ganon\'s Tower - Big Key Room - Left', NULL, NULL, NULL, NULL),
('alttp', 'Ganons Tower', NULL, 'Ganon\'s Tower - Big Key Room - Right', NULL, NULL, NULL, NULL),
('alttp', 'Ganons Tower', NULL, 'Ganon\'s Tower - Bob\'s Chest', NULL, NULL, NULL, NULL),
('alttp', 'Ganons Tower', NULL, 'Ganon\'s Tower - Bob\'s Torch', NULL, NULL, NULL, NULL),
('alttp', 'Ganons Tower', NULL, 'Ganon\'s Tower - Compass Room - Bottom Left', NULL, NULL, NULL, NULL),
('alttp', 'Ganons Tower', NULL, 'Ganon\'s Tower - Compass Room - Bottom Right', NULL, NULL, NULL, NULL),
('alttp', 'Ganons Tower', NULL, 'Ganon\'s Tower - Compass Room - Top Left', NULL, NULL, NULL, NULL),
('alttp', 'Ganons Tower', NULL, 'Ganon\'s Tower - Compass Room - Top Right', NULL, NULL, NULL, NULL),
('alttp', 'Ganons Tower', NULL, 'Ganon\'s Tower - DMs Room - Bottom Left', NULL, NULL, NULL, NULL),
('alttp', 'Ganons Tower', NULL, 'Ganon\'s Tower - DMs Room - Bottom Right', NULL, NULL, NULL, NULL),
('alttp', 'Ganons Tower', NULL, 'Ganon\'s Tower - DMs Room - Top Left', NULL, NULL, NULL, NULL),
('alttp', 'Ganons Tower', NULL, 'Ganon\'s Tower - DMs Room - Top Right', NULL, NULL, NULL, NULL),
('alttp', 'Ganons Tower', NULL, 'Ganon\'s Tower - Firesnake Room', NULL, NULL, NULL, NULL),
('alttp', 'Ganons Tower', NULL, 'Ganon\'s Tower - Hope Room - Left', NULL, NULL, NULL, NULL),
('alttp', 'Ganons Tower', NULL, 'Ganon\'s Tower - Hope Room - Right', NULL, NULL, NULL, NULL),
('alttp', 'Ganons Tower', NULL, 'Ganon\'s Tower - Map Chest', NULL, NULL, NULL, NULL),
('alttp', 'Ganons Tower', NULL, 'Ganon\'s Tower - Mini Helmasaur Room - Left', NULL, NULL, NULL, NULL),
('alttp', 'Ganons Tower', NULL, 'Ganon\'s Tower - Mini Helmasaur Room - Right', NULL, NULL, NULL, NULL),
('alttp', 'Ganons Tower', NULL, 'Ganon\'s Tower - Moldorm Chest', NULL, NULL, NULL, NULL),
('alttp', 'Ganons Tower', NULL, 'Ganon\'s Tower - Pre-Moldorm Chest', NULL, NULL, NULL, NULL),
('alttp', 'Ganons Tower', NULL, 'Ganon\'s Tower - Randomizer Room - Bottom Left', NULL, NULL, NULL, NULL),
('alttp', 'Ganons Tower', NULL, 'Ganon\'s Tower - Randomizer Room - Bottom Right', NULL, NULL, NULL, NULL),
('alttp', 'Ganons Tower', NULL, 'Ganon\'s Tower - Randomizer Room - Top Left', NULL, NULL, NULL, NULL),
('alttp', 'Ganons Tower', NULL, 'Ganon\'s Tower - Randomizer Room - Top Right', NULL, NULL, NULL, NULL),
('alttp', 'Ganons Tower', NULL, 'Ganon\'s Tower - Tile Room', NULL, NULL, NULL, NULL),
('sm', 'Norfair', 23, 'Grapple Beam', 4, 39, '7ED877', '00010000'),
('alttp', 'Light World', NULL, 'Graveyard Ledge', NULL, NULL, NULL, NULL),
('sm', 'Wrecked Ship', 14, 'Gravity Suit', 7, 9, '7ED880', '10000000'),
('alttp', 'Dark World', NULL, 'Hammer Pegs', NULL, NULL, NULL, NULL),
('sm', 'Norfair', 11, 'Hi-Jump Boots', 3, 10, '7ED876', '00100000'),
('alttp', 'Light World', NULL, 'Hobo', NULL, NULL, NULL, NULL),
('alttp', 'Dark World', NULL, 'Hookshot Cave - Bottom Left', NULL, NULL, NULL, NULL),
('alttp', 'Dark World', NULL, 'Hookshot Cave - Bottom Right', NULL, NULL, NULL, NULL),
('alttp', 'Dark World', NULL, 'Hookshot Cave - Top Left', NULL, NULL, NULL, NULL),
('alttp', 'Dark World', NULL, 'Hookshot Cave - Top Right', NULL, NULL, NULL, NULL),
('alttp', 'Dark World', NULL, 'Hype Cave - Bottom', NULL, NULL, NULL, NULL),
('alttp', 'Dark World', NULL, 'Hype Cave - Middle Left', NULL, NULL, NULL, NULL),
('alttp', 'Dark World', NULL, 'Hype Cave - Middle Right', NULL, NULL, NULL, NULL),
('alttp', 'Dark World', NULL, 'Hype Cave - NPC', NULL, NULL, NULL, NULL),
('alttp', 'Dark World', NULL, 'Hype Cave - Top', NULL, NULL, NULL, NULL),
('alttp', 'Hyrule Castle', NULL, 'Hyrule Castle - Boomerang Chest', NULL, NULL, NULL, NULL),
('alttp', 'Hyrule Castle', NULL, 'Hyrule Castle - Map Chest', NULL, NULL, NULL, NULL),
('alttp', 'Hyrule Castle', NULL, 'Hyrule Castle - Zelda\'s Cell', NULL, NULL, NULL, NULL),
('sm', 'Norfair', 6, 'Ice Beam', 12, 7, '7ED876', '00000100'),
('alttp', 'Ice Palace', NULL, 'Ice Palace - Big Chest', NULL, NULL, NULL, NULL),
('alttp', 'Ice Palace', NULL, 'Ice Palace - Big Key Chest', NULL, NULL, NULL, NULL),
('alttp', 'Ice Palace', NULL, 'Ice Palace - Compass Chest', NULL, NULL, NULL, NULL),
('alttp', 'Ice Palace', NULL, 'Ice Palace - Freezor Chest', NULL, NULL, NULL, NULL),
('alttp', 'Ice Palace', NULL, 'Ice Palace - Iced T Room', NULL, NULL, NULL, NULL),
('alttp', 'Ice Palace', NULL, 'Ice Palace - Kholdstare', NULL, NULL, NULL, NULL),
('alttp', 'Ice Palace', NULL, 'Ice Palace - Map Chest', NULL, NULL, NULL, NULL),
('alttp', 'Ice Palace', NULL, 'Ice Palace - Prize', NULL, NULL, NULL, NULL),
('alttp', 'Ice Palace', NULL, 'Ice Palace - Spike Room', NULL, NULL, NULL, NULL),
('alttp', 'Light World', NULL, 'Ice Rod Cave', NULL, NULL, NULL, NULL),
('alttp', 'Light World', NULL, 'Kakariko Tavern', NULL, NULL, NULL, NULL),
('alttp', 'Light World', NULL, 'Kakariko Well - Bottom', NULL, NULL, NULL, NULL),
('alttp', 'Light World', NULL, 'Kakariko Well - Left', NULL, NULL, NULL, NULL),
('alttp', 'Light World', NULL, 'Kakariko Well - Middle', NULL, NULL, NULL, NULL),
('alttp', 'Light World', NULL, 'Kakariko Well - Right', NULL, NULL, NULL, NULL),
('alttp', 'Light World', NULL, 'Kakariko Well - Top', NULL, NULL, NULL, NULL),
('alttp', 'Light World', NULL, 'King Zora', NULL, NULL, NULL, NULL),
('alttp', 'Light World', NULL, 'King\'s Tomb', NULL, NULL, NULL, NULL),
('alttp', 'Light World', NULL, 'Lake Hylia Island', NULL, NULL, NULL, NULL),
('alttp', 'Light World', NULL, 'Library', NULL, NULL, NULL, NULL),
('alttp', 'Light World', NULL, 'Link\'s House', NULL, NULL, NULL, NULL),
('alttp', 'Hyrule Castle', NULL, 'Link\'s Uncle', NULL, NULL, NULL, NULL),
('alttp', 'Light World', NULL, 'Lost Woods Hideout', NULL, NULL, NULL, NULL),
('alttp', 'Light World', NULL, 'Lumberjack Tree', NULL, NULL, NULL, NULL),
('alttp', 'Light World', NULL, 'Magic Bat', NULL, NULL, NULL, NULL),
('alttp', 'Light World', NULL, 'Master Sword Pedestal', NULL, NULL, NULL, NULL),
('alttp', 'Light World', NULL, 'Maze Race', NULL, NULL, NULL, NULL),
('alttp', 'Death Mountain', NULL, 'Mimic Cave', NULL, NULL, NULL, NULL),
('alttp', 'Light World', NULL, 'Mini Moldorm Cave - Far Left', NULL, NULL, NULL, NULL),
('alttp', 'Light World', NULL, 'Mini Moldorm Cave - Far Right', NULL, NULL, NULL, NULL),
('alttp', 'Light World', NULL, 'Mini Moldorm Cave - Left', NULL, NULL, NULL, NULL),
('alttp', 'Light World', NULL, 'Mini Moldorm Cave - NPC', NULL, NULL, NULL, NULL),
('alttp', 'Light World', NULL, 'Mini Moldorm Cave - Right', NULL, NULL, NULL, NULL),
('alttp', 'Dark World', NULL, 'Mire Shed - Left', NULL, NULL, NULL, NULL),
('alttp', 'Dark World', NULL, 'Mire Shed - Right', NULL, NULL, NULL, NULL),
('alttp', 'Misery Mire', NULL, 'Misery Mire - Big Chest', NULL, NULL, NULL, NULL),
('alttp', 'Misery Mire', NULL, 'Misery Mire - Big Key Chest', NULL, NULL, NULL, NULL),
('alttp', 'Misery Mire', NULL, 'Misery Mire - Bridge Chest', NULL, NULL, NULL, NULL),
('alttp', 'Misery Mire', NULL, 'Misery Mire - Compass Chest', NULL, NULL, NULL, NULL),
('alttp', 'Misery Mire', NULL, 'Misery Mire - Main Lobby', NULL, NULL, NULL, NULL),
('alttp', 'Misery Mire', NULL, 'Misery Mire - Map Chest', NULL, NULL, NULL, NULL),
('alttp', 'Misery Mire', NULL, 'Misery Mire - Prize', NULL, NULL, NULL, NULL),
('alttp', 'Misery Mire', NULL, 'Misery Mire - Spike Chest', NULL, NULL, NULL, NULL),
('alttp', 'Misery Mire', NULL, 'Misery Mire - Vitreous', NULL, NULL, NULL, NULL),
('alttp', 'Special', NULL, 'Misery Mire Medallion', NULL, NULL, NULL, NULL),
('sm', 'Norfair', 12, 'Missile (above Crocomire)', 13, 9, '7ED876', '01000000'),
('sm', 'Norfair', 18, 'Missile (below Crocomire)', 60, 9, '7ED877', '00000100'),
('sm', 'Norfair', 8, 'Missile (below Ice Beam)', 1, 8, '7ED876', '00001000'),
('sm', 'Brinstar', 29, 'Missile (blue Brinstar behind missile)', 5, 12, '7ED874', '00100000'),
('sm', 'Brinstar', 24, 'Missile (blue Brinstar bottom)', 4, 7, '7ED874', '00000100'),
('sm', 'Brinstar', 16, 'Missile (blue Brinstar middle)', 46, 41, '7ED873', '00010000'),
('sm', 'Brinstar', 29, 'Missile (blue Brinstar top)', 7, 9, '7ED874', '00010000'),
('sm', 'Norfair', 25, 'Missile (bubble Norfair green door)', 20, 10, '7ED877', '10000000'),
('sm', 'Norfair', 26, 'Missile (bubble Norfair)', 20, 60, '7ED878', '00000001'),
('sm', 'Crateria', 19, 'Missile (Crateria bottom)', 5, 26, '7ED870', '01000000'),
('sm', 'Crateria', 28, 'Missile (Crateria gauntlet left)', 2, 27, '7ED871', '00000100'),
('sm', 'Crateria', 28, 'Missile (Crateria gauntlet right)', 13, 27, '7ED871', '00000010'),
('sm', 'Crateria', 31, 'Missile (Crateria middle)', 4, 7, '7ED871', '00010000'),
('sm', 'Crateria', 14, 'Missile (Crateria moat)', 14, 9, '7ED870', '00010000'),
('sm', 'Maridia', 42, 'Missile (Draygon)', 28, 6, '7ED882', '10000000'),
('sm', 'Lower Norfair', 55, 'Missile (Gold Torizo)', 13, 8, '7ED878', '01000000'),
('sm', 'Norfair', 20, 'Missile (Grapple Beam)', 67, 9, '7ED877', '00001000'),
('sm', 'Wrecked Ship', 14, 'Missile (Gravity Suit)', 60, 6, '7ED880', '00000100'),
('sm', 'Brinstar', 4, 'Missile (green Brinstar behind missile)', 30, 7, '7ED872', '00000100'),
('sm', 'Brinstar', 4, 'Missile (green Brinstar behind reserve tank)', 25, 7, '7ED872', '00001000'),
('sm', 'Brinstar', 3, 'Missile (green Brinstar below super missile)', 19, 27, '7ED871', '10000000'),
('sm', 'Brinstar', 13, 'Missile (green Brinstar pipe)', 61, 24, '7ED873', '00000010'),
('sm', 'Maridia', 4, 'Missile (green Maridia shinespark)', 14, 53, '7ED881', '00000001'),
('sm', 'Maridia', 6, 'Missile (green Maridia tatori)', 44, 29, '7ED881', '00001000'),
('sm', 'Norfair', 13, 'Missile (Hi-Jump Boots)', 9, 6, '7ED876', '10000000'),
('sm', 'Brinstar', 44, 'Missile (Kraid)', 46, 8, '7ED875', '00010000'),
('sm', 'Norfair', 1, 'Missile (lava room)', 34, 28, '7ED876', '00000010'),
('sm', 'Maridia', 29, 'Missile (left Maridia sand pit room)', 6, 4, '7ED882', '00000001'),
('sm', 'Lower Norfair', 67, 'Missile (lower Norfair above fire flea room)', 43, 7, '7ED879', '00000100'),
('sm', 'Lower Norfair', 72, 'Missile (lower Norfair near Wave Beam)', 8, 41, '7ED879', '00100000'),
('sm', 'Lower Norfair', 62, 'Missile (Mickey Mouse room)', 39, 27, '7ED879', '00000010'),
('sm', 'Norfair', 24, 'Missile (Norfair Reserve Tank)', 7, 11, '7ED877', '01000000'),
('sm', 'Crateria', 5, 'Missile (outside Wrecked Ship bottom)', 2, 91, '7ED870', '00000010'),
('sm', 'Crateria', 5, 'Missile (outside Wrecked Ship middle)', 1, 47, '7ED870', '00001000'),
('sm', 'Crateria', 5, 'Missile (outside Wrecked Ship top)', 28, 3, '7ED870', '00000100'),
('sm', 'Brinstar', 9, 'Missile (pink Brinstar bottom)', 34, 103, '7ED872', '01000000'),
('sm', 'Brinstar', 9, 'Missile (pink Brinstar top)', 36, 50, '7ED872', '00100000'),
('sm', 'Maridia', 33, 'Missile (pink Maridia)', 76, 9, '7ED882', '00010000'),
('sm', 'Brinstar', 38, 'Missile (red Brinstar spike room)', 2, 8, '7ED875', '00000010'),
('sm', 'Maridia', 30, 'Missile (right Maridia sand pit room)', 3, 7, '7ED882', '00000100'),
('sm', 'Norfair', 27, 'Missile (Speed Booster)', 188, 19, '7ED878', '00000010'),
('sm', 'Norfair', 30, 'Missile (Wave Beam)', 31, 9, '7ED878', '00001000'),
('sm', 'Wrecked Ship', 4, 'Missile (Wrecked Ship middle)', 2, 89, '7ED880', '00000001'),
('sm', 'Wrecked Ship', 3, 'Missile (Wrecked Ship top)', 45, 8, '7ED880', '00001000'),
('sm', 'Maridia', 13, 'Missile (yellow Maridia false wall)', 44, 40, '7ED881', '01000000'),
('sm', 'Maridia', 10, 'Missile (yellow Maridia super missile)', 11, 39, '7ED881', '00100000'),
('sm', 'Brinstar', 14, 'Morphing Ball', 69, 41, '7ED873', '00000100'),
('alttp', 'Light World', NULL, 'Mushroom', NULL, NULL, NULL, NULL),
('alttp', 'Death Mountain', NULL, 'Old Man', NULL, NULL, NULL, NULL),
('alttp', 'Dark Palace', NULL, 'Palace of Darkness - Big Chest', NULL, NULL, NULL, NULL),
('alttp', 'Dark Palace', NULL, 'Palace of Darkness - Big Key Chest', NULL, NULL, NULL, NULL),
('alttp', 'Dark Palace', NULL, 'Palace of Darkness - Compass Chest', NULL, NULL, NULL, NULL),
('alttp', 'Dark Palace', NULL, 'Palace of Darkness - Dark Basement - Left', NULL, NULL, NULL, NULL),
('alttp', 'Dark Palace', NULL, 'Palace of Darkness - Dark Basement - Right', NULL, NULL, NULL, NULL),
('alttp', 'Dark Palace', NULL, 'Palace of Darkness - Dark Maze - Bottom', NULL, NULL, NULL, NULL),
('alttp', 'Dark Palace', NULL, 'Palace of Darkness - Dark Maze - Top', NULL, NULL, NULL, NULL),
('alttp', 'Dark Palace', NULL, 'Palace of Darkness - Harmless Hellway', NULL, NULL, NULL, NULL),
('alttp', 'Dark Palace', NULL, 'Palace of Darkness - Helmasaur King', NULL, NULL, NULL, NULL),
('alttp', 'Dark Palace', NULL, 'Palace of Darkness - Map Chest', NULL, NULL, NULL, NULL),
('alttp', 'Dark Palace', NULL, 'Palace of Darkness - Prize', NULL, NULL, NULL, NULL),
('alttp', 'Dark Palace', NULL, 'Palace of Darkness - Shooter Room', NULL, NULL, NULL, NULL),
('alttp', 'Dark Palace', NULL, 'Palace of Darkness - Stalfos Basement', NULL, NULL, NULL, NULL),
('alttp', 'Dark Palace', NULL, 'Palace of Darkness - The Arena - Bridge', NULL, NULL, NULL, NULL),
('alttp', 'Dark Palace', NULL, 'Palace of Darkness - The Arena - Ledge', NULL, NULL, NULL, NULL),
('alttp', 'Death Mountain', NULL, 'Paradox Cave Lower - Far Left', NULL, NULL, NULL, NULL),
('alttp', 'Death Mountain', NULL, 'Paradox Cave Lower - Far Right', NULL, NULL, NULL, NULL),
('alttp', 'Death Mountain', NULL, 'Paradox Cave Lower - Left', NULL, NULL, NULL, NULL),
('alttp', 'Death Mountain', NULL, 'Paradox Cave Lower - Middle', NULL, NULL, NULL, NULL),
('alttp', 'Death Mountain', NULL, 'Paradox Cave Lower - Right', NULL, NULL, NULL, NULL),
('alttp', 'Death Mountain', NULL, 'Paradox Cave Upper - Left', NULL, NULL, NULL, NULL),
('alttp', 'Death Mountain', NULL, 'Paradox Cave Upper - Right', NULL, NULL, NULL, NULL),
('alttp', 'Light World', NULL, 'Pegasus Rocks', NULL, NULL, NULL, NULL),
('sm', 'Maridia', 17, 'Plasma Beam', 25, 38, '7ED881', '10000000'),
('alttp', 'Light World', NULL, 'Potion Shop', NULL, NULL, NULL, NULL),
('sm', 'Brinstar', 14, 'Power Bomb (blue Brinstar)', 40, 42, '7ED873', '00001000'),
('sm', 'Crateria', 3, 'Power Bomb (Crateria surface)', 29, 7, '7ED870', '00000001'),
('sm', 'Norfair', 16, 'Power Bomb (Crocomire)', 7, 8, '7ED877', '00000010'),
('sm', 'Brinstar', 0, 'Power Bomb (green Brinstar bottom)', 60, 122, '7ED871', '00100000'),
('sm', 'Lower Norfair', 68, 'Power Bomb (lower Norfair above fire flea room)', 12, 8, '7ED879', '00001000'),
('sm', 'Brinstar', 12, 'Power Bomb (pink Brinstar)', 6, 23, '7ED873', '00000001'),
('sm', 'Lower Norfair', 70, 'Power Bomb (Power Bombs of shame)', 7, 8, '7ED879', '00010000'),
('sm', 'Brinstar', 37, 'Power Bomb (red Brinstar sidehopper room)', 4, 19, '7ED874', '10000000'),
('sm', 'Brinstar', 38, 'Power Bomb (red Brinstar spike room)', 20, 9, '7ED874', '00000001'),
('sm', 'Maridia', 30, 'Power Bomb (right Maridia sand pit room)', 25, 16, '7ED882', '00001000'),
('alttp', 'Dark World', NULL, 'Purple Chest', NULL, NULL, NULL, NULL),
('alttp', 'Dark World', NULL, 'Pyramid', NULL, NULL, NULL, NULL),
('alttp', 'Special', NULL, 'Pyramid Bottle', NULL, NULL, NULL, NULL),
('alttp', 'Dark World', NULL, 'Pyramid Fairy - Left', NULL, NULL, NULL, NULL),
('alttp', 'Dark World', NULL, 'Pyramid Fairy - Right', NULL, NULL, NULL, NULL),
('sm', 'Brinstar', 4, 'Reserve Tank, Brinstar', 11, 7, '7ED872', '00000010'),
('sm', 'Maridia', 29, 'Reserve Tank, Maridia', 15, 4, '7ED882', '00000010'),
('sm', 'Norfair', 24, 'Reserve Tank, Norfair', 2, 7, '7ED877', '00100000'),
('sm', 'Wrecked Ship', 4, 'Reserve Tank, Wrecked Ship', 51, 11, '7ED880', '00000010'),
('sm', 'Wrecked Ship', 13, 'Right Super, Wrecked Ship', 56, 9, '7ED880', '01000000'),
('alttp', 'Light World', NULL, 'Sahasrahla', NULL, NULL, NULL, NULL),
('alttp', 'Light World', NULL, 'Sahasrahla\'s Hut - Left', NULL, NULL, NULL, NULL),
('alttp', 'Light World', NULL, 'Sahasrahla\'s Hut - Middle', NULL, NULL, NULL, NULL),
('alttp', 'Light World', NULL, 'Sahasrahla\'s Hut - Right', NULL, NULL, NULL, NULL),
('alttp', 'Hyrule Castle', NULL, 'Sanctuary', NULL, NULL, NULL, NULL),
('sm', 'Lower Norfair', 74, 'Screw Attack', 11, 40, '7ED879', '10000000'),
('alttp', 'Hyrule Castle', NULL, 'Secret Passage', NULL, NULL, NULL, NULL),
('alttp', 'Hyrule Castle', NULL, 'Sewers - Dark Cross', NULL, NULL, NULL, NULL),
('alttp', 'Hyrule Castle', NULL, 'Sewers - Secret Room - Left', NULL, NULL, NULL, NULL),
('alttp', 'Hyrule Castle', NULL, 'Sewers - Secret Room - Middle', NULL, NULL, NULL, NULL),
('alttp', 'Hyrule Castle', NULL, 'Sewers - Secret Room - Right', NULL, NULL, NULL, NULL),
('alttp', 'Light World', NULL, 'Sick Kid', NULL, NULL, NULL, NULL),
('alttp', 'Skull Woods', NULL, 'Skull Woods - Big Chest', NULL, NULL, NULL, NULL),
('alttp', 'Skull Woods', NULL, 'Skull Woods - Big Key Chest', NULL, NULL, NULL, NULL),
('alttp', 'Skull Woods', NULL, 'Skull Woods - Bridge Room', NULL, NULL, NULL, NULL),
('alttp', 'Skull Woods', NULL, 'Skull Woods - Compass Chest', NULL, NULL, NULL, NULL),
('alttp', 'Skull Woods', NULL, 'Skull Woods - Map Chest', NULL, NULL, NULL, NULL),
('alttp', 'Skull Woods', NULL, 'Skull Woods - Mothula', NULL, NULL, NULL, NULL),
('alttp', 'Skull Woods', NULL, 'Skull Woods - Pinball Room', NULL, NULL, NULL, NULL),
('alttp', 'Skull Woods', NULL, 'Skull Woods - Pot Prison', NULL, NULL, NULL, NULL),
('alttp', 'Skull Woods', NULL, 'Skull Woods - Prize', NULL, NULL, NULL, NULL),
('sm', 'Maridia', 51, 'Space Jump', 4, 8, '7ED883', '00000100'),
('sm', 'Brinstar', 41, 'Spazer', 11, 9, '7ED875', '00000100'),
('alttp', 'Death Mountain', NULL, 'Spectacle Rock', NULL, NULL, NULL, NULL),
('alttp', 'Death Mountain', NULL, 'Spectacle Rock Cave', NULL, NULL, NULL, NULL),
('sm', 'Norfair', 28, 'Speed Booster', 11, 6, '7ED878', '00000100'),
('alttp', 'Dark World', NULL, 'Spike Cave', NULL, NULL, NULL, NULL),
('alttp', 'Death Mountain', NULL, 'Spiral Cave', NULL, NULL, NULL, NULL),
('sm', 'Maridia', 38, 'Spring Ball', 24, 22, '7ED882', '01000000'),
('alttp', 'Dark World', NULL, 'Stumpy', NULL, NULL, NULL, NULL),
('alttp', 'Light World', NULL, 'Sunken Treasure', NULL, NULL, NULL, NULL),
('sm', 'Crateria', 29, 'Super Missile (Crateria)', 59, 9, '7ED871', '00001000'),
('sm', 'Lower Norfair', 55, 'Super Missile (Gold Torizo)', 21, 8, '7ED878', '10000000'),
('sm', 'Brinstar', 20, 'Super Missile (green Brinstar bottom)', 7, 9, '7ED873', '10000000'),
('sm', 'Brinstar', 3, 'Super Missile (green Brinstar top)', 4, 6, '7ED872', '00000001'),
('sm', 'Maridia', 4, 'Super Missile (green Maridia)', 22, 40, '7ED881', '00000010'),
('sm', 'Brinstar', 1, 'Super Missile (pink Brinstar)', 26, 135, '7ED871', '01000000'),
('sm', 'Maridia', 33, 'Super Missile (pink Maridia)', 92, 8, '7ED882', '00100000'),
('sm', 'Wrecked Ship', 12, 'Super Missile (Wrecked Ship left)', 2, 7, '7ED880', '00100000'),
('sm', 'Maridia', 10, 'Super Missile (yellow Maridia)', 4, 38, '7ED881', '7ED881'),
('alttp', 'Dark World', NULL, 'Superbunny Cave - Bottom', NULL, NULL, NULL, NULL),
('alttp', 'Dark World', NULL, 'Superbunny Cave - Top', NULL, NULL, NULL, NULL),
('alttp', 'Swamp Palace', NULL, 'Swamp Palace - Arrghus', NULL, NULL, NULL, NULL),
('alttp', 'Swamp Palace', NULL, 'Swamp Palace - Big Chest', NULL, NULL, NULL, NULL),
('alttp', 'Swamp Palace', NULL, 'Swamp Palace - Big Key Chest', NULL, NULL, NULL, NULL),
('alttp', 'Swamp Palace', NULL, 'Swamp Palace - Compass Chest', NULL, NULL, NULL, NULL),
('alttp', 'Swamp Palace', NULL, 'Swamp Palace - Entrance', NULL, NULL, NULL, NULL),
('alttp', 'Swamp Palace', NULL, 'Swamp Palace - Flooded Room - Left', NULL, NULL, NULL, NULL),
('alttp', 'Swamp Palace', NULL, 'Swamp Palace - Flooded Room - Right', NULL, NULL, NULL, NULL),
('alttp', 'Swamp Palace', NULL, 'Swamp Palace - Map Chest', NULL, NULL, NULL, NULL),
('alttp', 'Swamp Palace', NULL, 'Swamp Palace - Prize', NULL, NULL, NULL, NULL),
('alttp', 'Swamp Palace', NULL, 'Swamp Palace - Waterfall Room', NULL, NULL, NULL, NULL),
('alttp', 'Swamp Palace', NULL, 'Swamp Palace - West Chest', NULL, NULL, NULL, NULL),
('alttp', 'Thieves Town', NULL, 'Thieves\' Town - Ambush Chest', NULL, NULL, NULL, NULL),
('alttp', 'Thieves Town', NULL, 'Thieves\' Town - Attic', NULL, NULL, NULL, NULL),
('alttp', 'Thieves Town', NULL, 'Thieves\' Town - Big Chest', NULL, NULL, NULL, NULL),
('alttp', 'Thieves Town', NULL, 'Thieves\' Town - Big Key Chest', NULL, NULL, NULL, NULL),
('alttp', 'Thieves Town', NULL, 'Thieves\' Town - Blind', NULL, NULL, NULL, NULL),
('alttp', 'Thieves Town', NULL, 'Thieves\' Town - Blind\'s Cell', NULL, NULL, NULL, NULL),
('alttp', 'Thieves Town', NULL, 'Thieves\' Town - Compass Chest', NULL, NULL, NULL, NULL),
('alttp', 'Thieves Town', NULL, 'Thieves\' Town - Map Chest', NULL, NULL, NULL, NULL),
('alttp', 'Thieves Town', NULL, 'Thieves\' Town - Prize', NULL, NULL, NULL, NULL),
('alttp', 'Tower Of Hera', NULL, 'Tower of Hera - Basement Cage', NULL, NULL, NULL, NULL),
('alttp', 'Tower Of Hera', NULL, 'Tower of Hera - Big Chest', NULL, NULL, NULL, NULL),
('alttp', 'Tower Of Hera', NULL, 'Tower of Hera - Big Key Chest', NULL, NULL, NULL, NULL),
('alttp', 'Tower Of Hera', NULL, 'Tower of Hera - Compass Chest', NULL, NULL, NULL, NULL),
('alttp', 'Tower Of Hera', NULL, 'Tower of Hera - Map Chest', NULL, NULL, NULL, NULL),
('alttp', 'Tower Of Hera', NULL, 'Tower of Hera - Moldorm', NULL, NULL, NULL, NULL),
('alttp', 'Tower Of Hera', NULL, 'Tower of Hera - Prize', NULL, NULL, NULL, NULL),
('alttp', 'Turtle Rock', NULL, 'Turtle Rock - Big Chest', NULL, NULL, NULL, NULL),
('alttp', 'Turtle Rock', NULL, 'Turtle Rock - Big Key Chest', NULL, NULL, NULL, NULL),
('alttp', 'Turtle Rock', NULL, 'Turtle Rock - Chain Chomps', NULL, NULL, NULL, NULL),
('alttp', 'Turtle Rock', NULL, 'Turtle Rock - Compass Chest', NULL, NULL, NULL, NULL),
('alttp', 'Turtle Rock', NULL, 'Turtle Rock - Crystaroller Room', NULL, NULL, NULL, NULL),
('alttp', 'Turtle Rock', NULL, 'Turtle Rock - Eye Bridge - Bottom Left', NULL, NULL, NULL, NULL),
('alttp', 'Turtle Rock', NULL, 'Turtle Rock - Eye Bridge - Bottom Right', NULL, NULL, NULL, NULL),
('alttp', 'Turtle Rock', NULL, 'Turtle Rock - Eye Bridge - Top Left', NULL, NULL, NULL, NULL),
('alttp', 'Turtle Rock', NULL, 'Turtle Rock - Eye Bridge - Top Right', NULL, NULL, NULL, NULL),
('alttp', 'Turtle Rock', NULL, 'Turtle Rock - Prize', NULL, NULL, NULL, NULL),
('alttp', 'Turtle Rock', NULL, 'Turtle Rock - Roller Room - Left', NULL, NULL, NULL, NULL),
('alttp', 'Turtle Rock', NULL, 'Turtle Rock - Roller Room - Right', NULL, NULL, NULL, NULL),
('alttp', 'Turtle Rock', NULL, 'Turtle Rock - Trinexx', NULL, NULL, NULL, NULL),
('alttp', 'Special', NULL, 'Turtle Rock Medallion', NULL, NULL, NULL, NULL),
('sm', 'Brinstar', 53, 'Varia Suit', 7, 9, '7ED876', '00000001'),
('alttp', 'Special', NULL, 'Waterfall Bottle', NULL, NULL, NULL, NULL),
('alttp', 'Light World', NULL, 'Waterfall Fairy - Left', NULL, NULL, NULL, NULL),
('alttp', 'Light World', NULL, 'Waterfall Fairy - Right', NULL, NULL, NULL, NULL),
('sm', 'Norfair', 31, 'Wave Beam', 11, 6, '7ED878', '00010000'),
('sm', 'Brinstar', 34, 'X-Ray Scope', 5, 7, '7ED874', '01000000'),
('alttp', 'Light World', NULL, 'Zora\'s Ledge', NULL, NULL, NULL, NULL);

DROP TABLE IF EXISTS `player`;
CREATE TABLE `player` (
  `playerid` int(11) NOT NULL,
  `gameid` int(11) NOT NULL,
  `playertoken` char(8) NOT NULL,
  `displayname` varchar(32) NOT NULL,
  `lastcheckinon` bigint(20) UNSIGNED DEFAULT NULL
) ENGINE=InnoDB DEFAULT CHARSET=utf8;

DROP TABLE IF EXISTS `playeritemloc`;
CREATE TABLE `playeritemloc` (
  `playerid` int(11) NOT NULL,
  `itemlocid` varchar(64) NOT NULL,
  `collectedon` int(10) UNSIGNED NOT NULL
) ENGINE=InnoDB DEFAULT CHARSET=utf8;

DROP TABLE IF EXISTS `playervital`;
CREATE TABLE `playervital` (
  `playerid` int(11) NOT NULL,
  `sourceid` varchar(8) NOT NULL,
  `vitalid` varchar(32) NOT NULL,
  `value` int(11) NOT NULL,
  `updatedon` int(11) UNSIGNED NOT NULL
) ENGINE=InnoDB DEFAULT CHARSET=utf8;

DROP TABLE IF EXISTS `region`;
CREATE TABLE `region` (
  `sourceid` varchar(8) NOT NULL,
  `regionid` varchar(64) NOT NULL,
  `xpos` int(11) NOT NULL COMMENT '16x16 "room" offset against graphic map',
  `ypos` int(11) NOT NULL COMMENT '16x16 "room" offset against graphic map'
) ENGINE=InnoDB DEFAULT CHARSET=utf8;

INSERT INTO `region` (`sourceid`, `regionid`, `xpos`, `ypos`) VALUES
('alttp', 'Castle Tower', 0, 0),
('alttp', 'Dark Palace', 0, 0),
('alttp', 'Dark World', 0, 0),
('alttp', 'Death Mountain', 0, 0),
('alttp', 'Desert Palace', 0, 0),
('alttp', 'Eastern Palace', 0, 0),
('alttp', 'Ganons Tower', 0, 0),
('alttp', 'Hyrule Castle', 0, 0),
('alttp', 'Ice Palace', 0, 0),
('alttp', 'Light World', 0, 0),
('alttp', 'Misery Mire', 0, 0),
('alttp', 'Skull Woods', 0, 0),
('alttp', 'Special', 0, 0),
('alttp', 'Swamp Palace', 0, 0),
('alttp', 'Thieves Town', 0, 0),
('alttp', 'Tower Of Hera', 0, 0),
('alttp', 'Turtle Rock', 0, 0),
('sm', 'Brinstar', -5, 18),
('sm', 'Crateria', -2, 0),
('sm', 'Lower Norfair', 26, 38),
('sm', 'Maridia', 23, 18),
('sm', 'Norfair', 26, 38),
('sm', 'Space Colony', 0, 0),
('sm', 'Tourian', -5, 0),
('sm', 'Wrecked Ship', 32, -10);

DROP TABLE IF EXISTS `room`;
CREATE TABLE `room` (
  `sourceid` varchar(8) NOT NULL,
  `regionid` varchar(16) NOT NULL,
  `roomid` int(11) NOT NULL,
  `room_hex` char(2) NOT NULL,
  `region_hex` char(2) NOT NULL,
  `memoryoffset` char(6) NOT NULL,
  `xpos_hex` char(2) NOT NULL,
  `ypos_hex` char(2) NOT NULL,
  `width_hex` char(2) NOT NULL,
  `height_hex` char(2) NOT NULL,
  `xpos` int(11) NOT NULL,
  `ypos` int(11) NOT NULL,
  `width` int(11) NOT NULL,
  `height` int(11) NOT NULL
) ENGINE=InnoDB DEFAULT CHARSET=utf8;

INSERT INTO `room` (`sourceid`, `regionid`, `roomid`, `room_hex`, `region_hex`, `memoryoffset`, `xpos_hex`, `ypos_hex`, `width_hex`, `height_hex`, `xpos`, `ypos`, `width`, `height`) VALUES
('sm', 'Brinstar', 0, '00', '01', '79AD9', '09', '00', '04', '0C', 9, 0, 4, 12),
('sm', 'Brinstar', 1, '01', '01', '79B5B', '17', '01', '02', '09', 23, 1, 2, 9),
('sm', 'Brinstar', 2, '02', '01', '79B9D', '06', '04', '03', '01', 6, 4, 3, 1),
('sm', 'Brinstar', 3, '03', '01', '79BC8', '0A', '03', '03', '02', 10, 3, 3, 2),
('sm', 'Brinstar', 4, '04', '01', '79C07', '0D', '04', '02', '01', 13, 4, 2, 1),
('sm', 'Brinstar', 5, '05', '01', '79C35', '05', '04', '01', '01', 5, 4, 1, 1),
('sm', 'Brinstar', 6, '06', '01', '79C5E', '06', '06', '03', '02', 6, 6, 3, 2),
('sm', 'Brinstar', 7, '07', '01', '79C89', '05', '07', '01', '01', 5, 7, 1, 1),
('sm', 'Brinstar', 8, '08', '01', '79CB3', '0A', '06', '07', '07', 10, 6, 7, 7),
('sm', 'Brinstar', 9, '09', '01', '79D19', '0F', '04', '05', '0A', 15, 4, 5, 10),
('sm', 'Brinstar', 10, '0A', '01', '79D9C', '13', '04', '04', '01', 19, 4, 4, 1),
('sm', 'Brinstar', 11, '0B', '01', '79DC7', '16', '01', '01', '03', 22, 1, 1, 3),
('sm', 'Brinstar', 12, '0C', '01', '79E11', '0F', '07', '02', '02', 15, 7, 2, 2),
('sm', 'Brinstar', 13, '0D', '01', '79E52', '13', '0A', '08', '04', 19, 10, 8, 4),
('sm', 'Brinstar', 14, '0E', '01', '79E9F', '15', '08', '08', '03', 21, 8, 8, 3),
('sm', 'Brinstar', 15, '0F', '01', '79F11', '1D', '0A', '01', '02', 29, 10, 1, 2),
('sm', 'Brinstar', 16, '10', '01', '79F64', '1E', '08', '03', '03', 30, 8, 3, 3),
('sm', 'Brinstar', 17, '11', '01', '79FBA', '1B', '0D', '06', '01', 27, 13, 6, 1),
('sm', 'Brinstar', 18, '12', '01', '79FE5', '08', '0A', '01', '01', 8, 10, 1, 1),
('sm', 'Brinstar', 19, '13', '01', '7A011', '06', '0A', '05', '02', 6, 10, 5, 2),
('sm', 'Brinstar', 20, '14', '01', '7A051', '05', '0A', '01', '01', 5, 10, 1, 1),
('sm', 'Brinstar', 21, '15', '01', '7A07B', '09', '0C', '01', '01', 9, 12, 1, 1),
('sm', 'Brinstar', 22, '16', '01', '7A0A4', '14', '09', '03', '01', 20, 9, 3, 1),
('sm', 'Brinstar', 23, '17', '01', '7A0D2', '08', '0D', '07', '01', 8, 13, 7, 1),
('sm', 'Brinstar', 24, '18', '01', '7A107', '1C', '0B', '01', '01', 28, 11, 1, 1),
('sm', 'Brinstar', 25, '19', '01', '7A130', '13', '07', '02', '02', 19, 7, 2, 2),
('sm', 'Brinstar', 26, '1A', '01', '7A15B', '15', '08', '01', '01', 21, 8, 1, 1),
('sm', 'Brinstar', 27, '1B', '01', '7A184', '0F', '04', '01', '01', 15, 4, 1, 1),
('sm', 'Brinstar', 28, '1C', '01', '7A1AD', '1E', '08', '02', '01', 30, 8, 2, 1),
('sm', 'Brinstar', 29, '1D', '01', '7A1D8', '1D', '08', '01', '01', 29, 8, 1, 1),
('sm', 'Brinstar', 30, '1E', '01', '7A201', '08', '05', '01', '01', 8, 5, 1, 1),
('sm', 'Brinstar', 31, '1F', '01', '7A22A', '05', '0B', '01', '01', 5, 11, 1, 1),
('sm', 'Brinstar', 32, '20', '01', '7A253', '21', '09', '01', '0A', 33, 9, 1, 10),
('sm', 'Brinstar', 33, '21', '01', '7A293', '19', '0F', '08', '02', 25, 15, 8, 2),
('sm', 'Brinstar', 34, '22', '01', '7A2CE', '17', '0F', '02', '01', 23, 15, 2, 1),
('sm', 'Brinstar', 35, '23', '01', '7A2F7', '22', '09', '03', '01', 34, 9, 3, 1),
('sm', 'Brinstar', 36, '24', '01', '7A322', '25', '04', '03', '08', 37, 4, 3, 8),
('sm', 'Brinstar', 37, '25', '01', '7A37C', '23', '07', '02', '02', 35, 7, 2, 2),
('sm', 'Brinstar', 38, '26', '01', '7A3AE', '22', '0B', '03', '01', 34, 11, 3, 1),
('sm', 'Brinstar', 39, '27', '01', '7A3DD', '22', '12', '02', '01', 34, 18, 2, 1),
('sm', 'Brinstar', 40, '28', '01', '7A408', '24', '11', '02', '02', 36, 17, 2, 2),
('sm', 'Brinstar', 41, '29', '01', '7A447', '26', '11', '01', '01', 38, 17, 1, 1),
('sm', 'Brinstar', 42, '2A', '01', '7A471', '2C', '12', '02', '02', 44, 18, 2, 2),
('sm', 'Brinstar', 43, '2B', '01', '7A4B1', '2B', '13', '01', '01', 43, 20, 1, 1),
('sm', 'Brinstar', 44, '2C', '01', '7A4DA', '2D', '12', '04', '02', 45, 18, 4, 2),
('sm', 'Brinstar', 45, '2D', '01', '7A521', '2F', '13', '06', '01', 47, 19, 6, 1),
('sm', 'Brinstar', 46, '2E', '01', '7A56B', '35', '12', '02', '02', 53, 18, 2, 2),
('sm', 'Brinstar', 47, '2F', '01', '7A59F', '37', '12', '02', '02', 55, 18, 2, 2),
('sm', 'Brinstar', 49, '31', '01', '7A618', '20', '12', '01', '01', 32, 18, 1, 1),
('sm', 'Brinstar', 50, '32', '01', '7A641', '36', '12', '01', '01', 54, 18, 1, 1),
('sm', 'Brinstar', 52, '34', '01', '7A6A1', '29', '12', '03', '02', 41, 18, 3, 2),
('sm', 'Brinstar', 53, '35', '01', '7A6E2', '39', '13', '01', '01', 57, 19, 1, 1),
('sm', 'Brinstar', 54, '36', '01', '7A70B', '31', '12', '01', '01', 49, 18, 1, 1),
('sm', 'Brinstar', 55, '37', '01', '7A734', '26', '08', '01', '01', 38, 8, 1, 1),
('sm', 'Crateria', 0, '00', '00', '791F8', '17', '00', '09', '05', 23, 0, 9, 5),
('sm', 'Crateria', 1, '01', '00', '792B3', '12', '02', '05', '01', 18, 2, 5, 1),
('sm', 'Crateria', 2, '02', '00', '792FD', '12', '04', '05', '05', 18, 4, 5, 5),
('sm', 'Crateria', 3, '03', '00', '793AA', '20', '01', '02', '01', 32, 1, 2, 1),
('sm', 'Crateria', 4, '04', '00', '793D5', '12', '06', '01', '01', 18, 6, 1, 1),
('sm', 'Crateria', 5, '05', '00', '793FE', '26', '00', '08', '06', 38, 0, 8, 6),
('sm', 'Crateria', 6, '06', '00', '79461', '29', '02', '02', '01', 41, 2, 2, 1),
('sm', 'Crateria', 7, '07', '00', '7948C', '21', '04', '03', '03', 33, 4, 3, 3),
('sm', 'Crateria', 8, '08', '00', '794CC', '34', '0A', '01', '01', 52, 10, 1, 1),
('sm', 'Crateria', 9, '09', '00', '794FD', '31', '00', '07', '06', 49, 0, 7, 6),
('sm', 'Crateria', 10, '0A', '00', '79552', '38', '04', '01', '04', 56, 4, 1, 4),
('sm', 'Crateria', 11, '0B', '00', '7957D', '35', '08', '04', '02', 53, 8, 4, 2),
('sm', 'Crateria', 12, '0C', '00', '795A8', '34', '09', '01', '01', 52, 9, 1, 1),
('sm', 'Crateria', 13, '0D', '00', '795D4', '20', '04', '01', '01', 32, 4, 1, 1),
('sm', 'Crateria', 14, '0E', '00', '795FF', '24', '04', '02', '02', 36, 4, 2, 2),
('sm', 'Crateria', 15, '0F', '00', '7962A', '22', '07', '01', '01', 34, 7, 1, 1),
('sm', 'Crateria', 16, '10', '00', '7965B', '0C', '02', '06', '01', 12, 2, 6, 1),
('sm', 'Crateria', 17, '11', '00', '7968F', '2B', '02', '01', '01', 43, 2, 1, 1),
('sm', 'Crateria', 18, '12', '00', '796BA', '12', '09', '03', '09', 18, 9, 3, 9),
('sm', 'Crateria', 19, '13', '00', '7975C', '14', '11', '03', '02', 20, 17, 3, 2),
('sm', 'Crateria', 20, '14', '00', '797B5', '17', '11', '01', '01', 23, 17, 1, 1),
('sm', 'Crateria', 21, '15', '00', '79804', '19', '06', '01', '01', 25, 6, 1, 1),
('sm', 'Crateria', 22, '16', '00', '79879', '16', '06', '03', '01', 22, 6, 3, 1),
('sm', 'Crateria', 23, '17', '00', '798E2', '14', '07', '03', '01', 20, 7, 3, 1),
('sm', 'Crateria', 24, '18', '00', '7990D', '0C', '04', '06', '03', 12, 4, 6, 3),
('sm', 'Crateria', 25, '19', '00', '79938', '06', '08', '01', '01', 6, 8, 1, 1),
('sm', 'Crateria', 26, '1A', '00', '79969', '07', '08', '04', '01', 7, 8, 4, 1),
('sm', 'Crateria', 27, '1B', '00', '79994', '17', '07', '01', '01', 23, 7, 1, 1),
('sm', 'Crateria', 28, '1C', '00', '799BD', '0B', '02', '01', '07', 11, 2, 1, 7),
('sm', 'Crateria', 29, '1D', '00', '799F9', '15', '09', '04', '08', 21, 9, 4, 8),
('sm', 'Crateria', 30, '1E', '00', '79A44', '11', '07', '02', '01', 17, 7, 2, 1),
('sm', 'Crateria', 31, '1F', '00', '79A90', '10', '07', '01', '01', 16, 7, 1, 1),
('sm', 'Crateria', 48, '30', '00', '7A5ED', '0C', '08', '05', '01', 12, 8, 5, 1),
('sm', 'Crateria', 51, '33', '00', '7A66A', '11', '08', '01', '02', 17, 8, 1, 2),
('sm', 'Lower Norfair', 55, '37', '02', '7B283', '12', '0F', '02', '02', 18, 15, 2, 2),
('sm', 'Lower Norfair', 62, '3E', '02', '7B40A', '1A', '09', '04', '04', 26, 9, 4, 4),
('sm', 'Lower Norfair', 67, '43', '02', '7B510', '21', '05', '05', '02', 33, 5, 5, 2),
('sm', 'Lower Norfair', 68, '44', '02', '7B55A', '25', '06', '01', '01', 37, 6, 1, 1),
('sm', 'Lower Norfair', 70, '46', '02', '7B5D5', '20', '0E', '06', '03', 32, 14, 6, 3),
('sm', 'Lower Norfair', 72, '48', '02', '7B656', '1D', '03', '04', '03', 29, 3, 4, 3),
('sm', 'Lower Norfair', 73, '49', '02', '7B698', '16', '11', '01', '01', 22, 17, 1, 1),
('sm', 'Lower Norfair', 74, '4A', '02', '7B6C1', '14', '0E', '01', '03', 20, 14, 1, 3),
('sm', 'Lower Norfair', 75, '4B', '02', '7B6EE', '23', '06', '03', '06', 35, 6, 3, 6),
('sm', 'Maridia', 0, '00', '04', '7CED2', '0C', '13', '01', '01', 12, 19, 1, 1),
('sm', 'Maridia', 1, '01', '04', '7CEFB', '0B', '11', '01', '03', 11, 17, 1, 3),
('sm', 'Maridia', 2, '02', '04', '7CF54', '0A', '12', '01', '01', 10, 18, 1, 1),
('sm', 'Maridia', 3, '03', '04', '7CF80', '0C', '11', '04', '02', 12, 17, 4, 2),
('sm', 'Maridia', 4, '04', '04', '7CFC9', '0A', '09', '03', '08', 10, 9, 3, 8),
('sm', 'Maridia', 5, '05', '04', '7D017', '0D', '0D', '04', '03', 13, 13, 4, 3),
('sm', 'Maridia', 6, '06', '04', '7D055', '11', '0C', '03', '04', 17, 12, 3, 4),
('sm', 'Maridia', 7, '07', '04', '7D08A', '0C', '10', '04', '01', 12, 16, 4, 1),
('sm', 'Maridia', 8, '08', '04', '7D0B9', '0C', '09', '06', '04', 12, 9, 6, 4),
('sm', 'Maridia', 9, '09', '04', '7D104', '0C', '07', '03', '02', 12, 7, 3, 2),
('sm', 'Maridia', 10, '0A', '04', '7D13B', '0C', '04', '02', '03', 12, 4, 2, 3),
('sm', 'Maridia', 11, '0B', '04', '7D16D', '0E', '04', '04', '02', 14, 4, 4, 2),
('sm', 'Maridia', 12, '0C', '04', '7D1A3', '12', '07', '02', '04', 18, 7, 2, 4),
('sm', 'Maridia', 13, '0D', '04', '7D1DD', '12', '04', '04', '03', 18, 4, 4, 3),
('sm', 'Maridia', 14, '0E', '04', '7D21C', '10', '10', '01', '02', 16, 16, 1, 2),
('sm', 'Maridia', 15, '0F', '04', '7D252', '11', '10', '01', '01', 17, 16, 1, 1),
('sm', 'Maridia', 16, '10', '04', '7D27E', '1A', '00', '01', '01', 26, 0, 1, 1),
('sm', 'Maridia', 17, '11', '04', '7D2AA', '1B', '00', '02', '03', 27, 0, 2, 3),
('sm', 'Maridia', 18, '12', '04', '7D2D9', '1B', '05', '07', '01', 27, 5, 7, 1),
('sm', 'Maridia', 19, '13', '04', '7D30B', '22', '00', '01', '06', 34, 0, 1, 6),
('sm', 'Maridia', 20, '14', '04', '7D340', '16', '02', '04', '06', 22, 2, 4, 6),
('sm', 'Maridia', 21, '15', '04', '7D387', '19', '00', '01', '04', 25, 0, 1, 4),
('sm', 'Maridia', 22, '16', '04', '7D3B6', '11', '11', '01', '01', 17, 17, 1, 1),
('sm', 'Maridia', 23, '17', '04', '7D3DF', '23', '04', '01', '01', 35, 4, 1, 1),
('sm', 'Maridia', 24, '18', '04', '7D408', '16', '05', '01', '0A', 22, 5, 1, 10),
('sm', 'Maridia', 25, '19', '04', '7D433', '1A', '05', '01', '01', 26, 5, 1, 1),
('sm', 'Maridia', 26, '1A', '04', '7D461', '12', '10', '04', '01', 18, 16, 4, 1),
('sm', 'Maridia', 27, '1B', '04', '7D48E', '16', '0F', '01', '02', 22, 15, 1, 2),
('sm', 'Maridia', 28, '1C', '04', '7D4C2', '17', '10', '03', '01', 23, 16, 3, 1),
('sm', 'Maridia', 29, '1D', '04', '7D4EF', '14', '0E', '02', '02', 20, 14, 2, 2),
('sm', 'Maridia', 30, '1E', '04', '7D51E', '17', '0E', '02', '02', 23, 14, 2, 2),
('sm', 'Maridia', 31, '1F', '04', '7D54D', '15', '0C', '01', '02', 21, 12, 1, 2),
('sm', 'Maridia', 32, '20', '04', '7D57A', '17', '0C', '01', '02', 23, 12, 1, 2),
('sm', 'Maridia', 33, '21', '04', '7D5A7', '14', '09', '06', '03', 20, 9, 6, 3),
('sm', 'Maridia', 34, '22', '04', '7D5EC', '1A', '07', '01', '01', 26, 7, 1, 1),
('sm', 'Maridia', 35, '23', '04', '7D617', '14', '08', '04', '01', 20, 8, 4, 1),
('sm', 'Maridia', 36, '24', '04', '7D646', '1A', '0D', '02', '04', 26, 13, 2, 4),
('sm', 'Maridia', 37, '25', '04', '7D69A', '1B', '0E', '01', '03', 27, 14, 1, 3),
('sm', 'Maridia', 38, '26', '04', '7D6D0', '20', '0F', '02', '02', 32, 15, 2, 2),
('sm', 'Maridia', 39, '27', '04', '7D6FD', '1A', '0A', '04', '01', 26, 10, 4, 1),
('sm', 'Maridia', 40, '28', '04', '7D72A', '22', '06', '07', '02', 34, 6, 7, 2),
('sm', 'Maridia', 41, '29', '04', '7D765', '13', '0B', '01', '01', 19, 11, 1, 1),
('sm', 'Maridia', 42, '2A', '04', '7D78F', '29', '07', '02', '03', 41, 7, 2, 3),
('sm', 'Maridia', 43, '2B', '04', '7D7E4', '1A', '08', '07', '01', 26, 8, 7, 1),
('sm', 'Maridia', 44, '2C', '04', '7D81A', '29', '06', '01', '01', 41, 6, 1, 1),
('sm', 'Maridia', 45, '2D', '04', '7D845', '26', '08', '01', '01', 38, 8, 1, 1),
('sm', 'Maridia', 46, '2E', '04', '7D86E', '1A', '06', '01', '01', 26, 6, 1, 1),
('sm', 'Maridia', 47, '2F', '04', '7D898', '1C', '09', '02', '01', 28, 9, 2, 1),
('sm', 'Maridia', 48, '30', '04', '7D8C5', '1C', '0F', '04', '01', 28, 15, 4, 1),
('sm', 'Maridia', 49, '31', '04', '7D913', '21', '06', '05', '03', 33, 6, 5, 3),
('sm', 'Maridia', 50, '32', '04', '7D95E', '18', '08', '02', '01', 24, 8, 2, 1),
('sm', 'Maridia', 51, '33', '04', '7D9AA', '26', '0A', '01', '01', 38, 10, 1, 1),
('sm', 'Maridia', 52, '34', '04', '7D9D4', '2A', '06', '01', '01', 42, 6, 1, 1),
('sm', 'Maridia', 53, '35', '04', '7D9FE', '1B', '06', '01', '02', 27, 6, 1, 2),
('sm', 'Maridia', 54, '36', '04', '7DA2B', '1C', '06', '05', '02', 28, 6, 5, 2),
('sm', 'Maridia', 55, '37', '04', '7DA60', '27', '09', '02', '02', 39, 9, 2, 2),
('sm', 'Norfair', 0, '00', '02', '7A75D', '04', '03', '02', '01', 4, 3, 2, 1),
('sm', 'Norfair', 1, '01', '02', '7A788', '0E', '03', '03', '02', 14, 3, 3, 2),
('sm', 'Norfair', 2, '02', '02', '7A7B3', '0B', '03', '03', '02', 11, 3, 3, 2),
('sm', 'Norfair', 3, '03', '02', '7A7DE', '0A', '00', '01', '07', 10, 0, 1, 7),
('sm', 'Norfair', 4, '04', '02', '7A815', '03', '01', '07', '04', 3, 1, 7, 4),
('sm', 'Norfair', 5, '05', '02', '7A865', '04', '01', '02', '01', 4, 1, 2, 1),
('sm', 'Norfair', 6, '06', '02', '7A890', '05', '02', '01', '01', 5, 2, 1, 1),
('sm', 'Norfair', 7, '07', '02', '7A8B9', '03', '01', '02', '03', 3, 1, 2, 3),
('sm', 'Norfair', 8, '08', '02', '7A8F8', '02', '04', '01', '04', 2, 4, 1, 4),
('sm', 'Norfair', 9, '09', '02', '7A923', '03', '07', '0D', '03', 3, 7, 13, 3),
('sm', 'Norfair', 10, '0A', '02', '7A98D', '0C', '0A', '08', '01', 12, 10, 8, 1),
('sm', 'Norfair', 11, '0B', '02', '7A9E5', '07', '06', '01', '01', 7, 6, 1, 1),
('sm', 'Norfair', 12, '0C', '02', '7AA0E', '0B', '06', '04', '02', 11, 6, 4, 2),
('sm', 'Norfair', 13, '0D', '02', '7AA41', '08', '05', '02', '02', 8, 5, 2, 2),
('sm', 'Norfair', 14, '0E', '02', '7AA82', '0A', '0A', '02', '02', 10, 10, 2, 2),
('sm', 'Norfair', 15, '0F', '02', '7AAB5', '0C', '0B', '01', '01', 12, 11, 1, 1),
('sm', 'Norfair', 16, '10', '02', '7AADE', '09', '0A', '01', '01', 9, 10, 1, 1),
('sm', 'Norfair', 17, '11', '02', '7AB07', '0A', '0C', '01', '05', 10, 12, 1, 5),
('sm', 'Norfair', 18, '12', '02', '7AB3B', '0B', '0F', '04', '01', 11, 15, 4, 1),
('sm', 'Norfair', 19, '13', '02', '7AB64', '07', '0C', '03', '02', 7, 12, 3, 2),
('sm', 'Norfair', 20, '14', '02', '7AB8F', '04', '0F', '08', '03', 4, 15, 8, 3),
('sm', 'Norfair', 21, '15', '02', '7ABD2', '06', '0C', '01', '03', 6, 12, 1, 3),
('sm', 'Norfair', 22, '16', '02', '7AC00', '04', '0E', '02', '01', 4, 14, 2, 1),
('sm', 'Norfair', 23, '17', '02', '7AC2B', '03', '0E', '01', '04', 3, 14, 1, 4),
('sm', 'Norfair', 24, '18', '02', '7AC5A', '12', '02', '02', '01', 18, 2, 2, 1),
('sm', 'Norfair', 25, '19', '02', '7AC83', '14', '02', '02', '01', 20, 2, 2, 1),
('sm', 'Norfair', 26, '1A', '02', '7ACB3', '16', '02', '02', '04', 22, 2, 2, 4),
('sm', 'Norfair', 27, '1B', '02', '7ACF0', '19', '01', '0C', '02', 25, 1, 12, 2),
('sm', 'Norfair', 28, '1C', '02', '7AD1B', '25', '02', '01', '01', 37, 2, 1, 1),
('sm', 'Norfair', 29, '1D', '02', '7AD5E', '18', '03', '06', '04', 24, 3, 6, 4),
('sm', 'Norfair', 30, '1E', '02', '7ADAD', '19', '04', '04', '02', 25, 4, 4, 2),
('sm', 'Norfair', 31, '1F', '02', '7ADDE', '1D', '04', '01', '01', 29, 4, 1, 1),
('sm', 'Norfair', 32, '20', '02', '7AE07', '19', '06', '04', '01', 25, 6, 4, 1),
('sm', 'Norfair', 33, '21', '02', '7AE32', '1B', '06', '03', '03', 27, 6, 3, 3),
('sm', 'Norfair', 34, '22', '02', '7AE74', '19', '08', '02', '03', 25, 8, 2, 3),
('sm', 'Norfair', 35, '23', '02', '7AEB4', '17', '08', '03', '01', 23, 8, 3, 1),
('sm', 'Norfair', 36, '24', '02', '7AEDF', '16', '06', '01', '03', 22, 6, 1, 3),
('sm', 'Norfair', 37, '25', '02', '7AF14', '16', '0A', '04', '03', 22, 10, 4, 3),
('sm', 'Norfair', 38, '26', '02', '7AF3F', '15', '0A', '01', '01', 21, 10, 1, 1),
('sm', 'Norfair', 39, '27', '02', '7AF72', '14', '05', '02', '02', 20, 5, 2, 2),
('sm', 'Norfair', 40, '28', '02', '7AFA3', '11', '04', '05', '01', 17, 4, 5, 1),
('sm', 'Norfair', 41, '29', '02', '7AFCE', '10', '09', '04', '01', 16, 9, 4, 1),
('sm', 'Norfair', 42, '2A', '02', '7AFFB', '15', '09', '04', '01', 21, 9, 4, 1),
('sm', 'Norfair', 43, '2B', '02', '7B026', '14', '09', '01', '01', 20, 9, 1, 1),
('sm', 'Norfair', 44, '2C', '02', '7B051', '17', '07', '01', '01', 23, 7, 1, 1),
('sm', 'Norfair', 45, '2D', '02', '7B07A', '18', '01', '01', '02', 24, 1, 1, 2),
('sm', 'Norfair', 46, '2E', '02', '7B0B4', '09', '04', '01', '01', 9, 4, 1, 1),
('sm', 'Norfair', 47, '2F', '02', '7B0DD', '15', '03', '01', '01', 21, 3, 1, 1),
('sm', 'Norfair', 48, '30', '02', '7B106', '0C', '05', '08', '01', 12, 5, 8, 1),
('sm', 'Norfair', 49, '31', '02', '7B139', '13', '06', '01', '03', 19, 6, 1, 3),
('sm', 'Norfair', 50, '32', '02', '7B167', '0B', '05', '01', '01', 11, 5, 1, 1),
('sm', 'Norfair', 51, '33', '02', '7B192', '10', '08', '01', '01', 16, 8, 1, 1),
('sm', 'Norfair', 52, '34', '02', '7B1BB', '14', '0A', '01', '01', 20, 10, 1, 1),
('sm', 'Norfair', 53, '35', '02', '7B1E5', '0F', '0D', '03', '03', 15, 13, 3, 3),
('sm', 'Norfair', 54, '36', '02', '7B236', '11', '0B', '08', '03', 17, 11, 8, 3),
('sm', 'Norfair', 56, '38', '02', '7B2DA', '15', '0E', '04', '01', 21, 14, 4, 1),
('sm', 'Norfair', 57, '39', '02', '7B305', '15', '0F', '01', '01', 21, 15, 1, 1),
('sm', 'Norfair', 58, '3A', '02', '7B32E', '17', '10', '01', '02', 23, 16, 1, 2),
('sm', 'Norfair', 59, '3B', '02', '7B37A', '18', '10', '03', '01', 24, 16, 3, 1),
('sm', 'Norfair', 60, '3C', '02', '7B3A5', '19', '0C', '01', '03', 25, 12, 1, 3),
('sm', 'Norfair', 61, '3D', '02', '7B3E1', '1A', '0B', '01', '01', 26, 11, 1, 1),
('sm', 'Norfair', 63, '3F', '02', '7B457', '1A', '0E', '04', '01', 26, 14, 4, 1),
('sm', 'Norfair', 64, '40', '02', '7B482', '1B', '10', '03', '01', 27, 16, 3, 1),
('sm', 'Norfair', 65, '41', '02', '7B4AD', '1E', '09', '01', '06', 30, 9, 1, 6),
('sm', 'Norfair', 66, '42', '02', '7B4E5', '1F', '09', '04', '05', 31, 9, 4, 5),
('sm', 'Norfair', 69, '45', '02', '7B585', '23', '09', '03', '05', 35, 9, 3, 5),
('sm', 'Norfair', 71, '47', '02', '7B62B', '1E', '10', '03', '01', 30, 16, 3, 1),
('sm', 'Norfair', 76, '4C', '02', '7B741', '24', '0C', '01', '01', 36, 12, 1, 1),
('sm', 'Space Colony', 0, '00', '06', '7DF45', '0C', '0D', '01', '03', 12, 13, 1, 3),
('sm', 'Space Colony', 1, '01', '06', '7DF8D', '0D', '0F', '02', '01', 13, 15, 2, 1),
('sm', 'Space Colony', 2, '02', '06', '7DFD7', '0F', '0F', '01', '02', 15, 15, 1, 2),
('sm', 'Space Colony', 3, '03', '06', '7E021', '10', '10', '02', '01', 16, 16, 2, 1),
('sm', 'Space Colony', 4, '04', '06', '7E06B', '12', '10', '02', '01', 18, 16, 2, 1),
('sm', 'Space Colony', 5, '05', '06', '7E0B5', '14', '10', '01', '01', 20, 16, 1, 1),
('sm', 'Tourian', 0, '00', '05', '7DAAE', '14', '09', '01', '04', 20, 9, 1, 4),
('sm', 'Tourian', 1, '01', '05', '7DAE1', '0E', '0C', '06', '01', 14, 12, 6, 1),
('sm', 'Tourian', 2, '02', '05', '7DB31', '0D', '0C', '01', '02', 13, 12, 1, 2),
('sm', 'Tourian', 3, '03', '05', '7DB7D', '0E', '0D', '06', '01', 14, 13, 6, 1),
('sm', 'Tourian', 4, '04', '05', '7DBCD', '14', '0D', '01', '02', 20, 13, 1, 2),
('sm', 'Tourian', 5, '05', '05', '7DC19', '13', '0F', '02', '01', 19, 15, 2, 1),
('sm', 'Tourian', 6, '06', '05', '7DC65', '11', '0F', '02', '01', 17, 15, 2, 1),
('sm', 'Tourian', 7, '07', '05', '7DCB1', '0D', '0F', '04', '01', 13, 15, 4, 1),
('sm', 'Tourian', 8, '08', '05', '7DCFF', '0C', '0F', '01', '02', 12, 15, 1, 2),
('sm', 'Tourian', 9, '09', '05', '7DD2E', '0B', '10', '01', '01', 11, 16, 1, 1),
('sm', 'Tourian', 10, '0A', '05', '7DD58', '0D', '12', '04', '01', 13, 18, 4, 1),
('sm', 'Tourian', 11, '0B', '05', '7DDC4', '0D', '10', '04', '01', 13, 16, 4, 1),
('sm', 'Tourian', 12, '0C', '05', '7DDF3', '11', '10', '01', '03', 17, 16, 1, 3),
('sm', 'Tourian', 13, '0D', '05', '7DE23', '10', '11', '01', '01', 16, 17, 1, 1),
('sm', 'Tourian', 14, '0E', '05', '7DE4D', '0B', '12', '02', '01', 11, 18, 2, 1),
('sm', 'Tourian', 15, '0F', '05', '7DE7A', '0B', '13', '01', '02', 11, 19, 1, 2),
('sm', 'Tourian', 16, '10', '05', '7DEA7', '0C', '13', '06', '02', 12, 19, 6, 2),
('sm', 'Tourian', 17, '11', '05', '7DEDE', '12', '10', '03', '06', 18, 16, 3, 6),
('sm', 'Tourian', 18, '12', '05', '7DF1B', '15', '0C', '01', '01', 21, 12, 1, 1),
('sm', 'Wrecked Ship', 0, '00', '03', '7C98E', '0A', '0B', '06', '03', 10, 11, 6, 3),
('sm', 'Wrecked Ship', 1, '01', '03', '7CA08', '0C', '0E', '04', '01', 12, 14, 4, 1),
('sm', 'Wrecked Ship', 2, '02', '03', '7CA52', '0C', '0A', '07', '01', 12, 10, 7, 1),
('sm', 'Wrecked Ship', 3, '03', '03', '7CAAE', '13', '0A', '03', '01', 19, 10, 3, 1),
('sm', 'Wrecked Ship', 4, '04', '03', '7CAF6', '0C', '0B', '06', '08', 12, 11, 6, 8),
('sm', 'Wrecked Ship', 5, '05', '03', '7CB8B', '13', '0F', '02', '01', 19, 15, 2, 1),
('sm', 'Wrecked Ship', 6, '06', '03', '7CBD5', '15', '0D', '01', '03', 21, 13, 1, 3),
('sm', 'Wrecked Ship', 7, '07', '03', '7CC27', '12', '0D', '03', '02', 18, 13, 3, 2),
('sm', 'Wrecked Ship', 8, '08', '03', '7CC6F', '0E', '13', '05', '01', 14, 19, 5, 1),
('sm', 'Wrecked Ship', 9, '09', '03', '7CCCB', '0D', '13', '01', '01', 13, 19, 1, 1),
('sm', 'Wrecked Ship', 10, '0A', '03', '7CD13', '13', '13', '01', '01', 19, 19, 1, 1),
('sm', 'Wrecked Ship', 11, '0B', '03', '7CD5C', '11', '0F', '02', '01', 17, 15, 2, 1),
('sm', 'Wrecked Ship', 12, '0C', '03', '7CDA8', '0F', '11', '01', '01', 15, 17, 1, 1),
('sm', 'Wrecked Ship', 13, '0D', '03', '7CDF1', '12', '11', '04', '01', 18, 17, 4, 1),
('sm', 'Wrecked Ship', 14, '0E', '03', '7CE40', '0A', '0D', '01', '01', 10, 13, 1, 1),
('sm', 'Wrecked Ship', 15, '0F', '03', '7CE8A', '11', '0E', '01', '01', 17, 14, 1, 1);

DROP TABLE IF EXISTS `source`;
CREATE TABLE `source` (
  `sourceid` varchar(8) NOT NULL
) ENGINE=InnoDB DEFAULT CHARSET=utf8;

INSERT INTO `source` (`sourceid`) VALUES
('alttp'),
('sm');

DROP TABLE IF EXISTS `vital`;
CREATE TABLE `vital` (
  `sourceid` varchar(8) NOT NULL,
  `vitalid` varchar(32) NOT NULL,
  `memoryoffset` char(6) NOT NULL
) ENGINE=InnoDB DEFAULT CHARSET=utf8;

INSERT INTO `vital` (`sourceid`, `vitalid`, `memoryoffset`) VALUES
('alttp', 'gamemode', '7E0010'),
('sm', 'energy', '7E09C2'),
('sm', 'region', '7E079F'),
('sm', 'room', '7E079D'),
('sm', 'xpos', '7E0AF6'),
('sm', 'ypos', '7E0AFA');


ALTER TABLE `game`
  ADD PRIMARY KEY (`gameid`);

ALTER TABLE `gameitem`
  ADD PRIMARY KEY (`gameid`,`itemlocid`) USING BTREE,
  ADD KEY `FK_gameitem_item` (`itemid`),
  ADD KEY `FK_gameitem_itemloc` (`itemlocid`);

ALTER TABLE `gamemeta`
  ADD PRIMARY KEY (`gameid`,`metaid`);

ALTER TABLE `item`
  ADD PRIMARY KEY (`itemid`),
  ADD KEY `FK_item_source` (`sourceid`) USING BTREE;

ALTER TABLE `itemloc`
  ADD PRIMARY KEY (`itemlocid`) USING BTREE;

ALTER TABLE `player`
  ADD PRIMARY KEY (`playerid`,`gameid`),
  ADD KEY `FK_player_game` (`gameid`);

ALTER TABLE `playeritemloc`
  ADD PRIMARY KEY (`playerid`,`itemlocid`),
  ADD KEY `FK_playeritemloc_itemloc` (`itemlocid`) USING BTREE;

ALTER TABLE `playervital`
  ADD PRIMARY KEY (`playerid`,`vitalid`,`sourceid`),
  ADD KEY `FK_playervital_vital` (`sourceid`,`vitalid`);

ALTER TABLE `region`
  ADD PRIMARY KEY (`sourceid`,`regionid`),
  ADD KEY `FK_region_source` (`sourceid`) USING BTREE;

ALTER TABLE `room`
  ADD PRIMARY KEY (`sourceid`,`regionid`,`roomid`);

ALTER TABLE `source`
  ADD PRIMARY KEY (`sourceid`);

ALTER TABLE `vital`
  ADD PRIMARY KEY (`sourceid`,`vitalid`);


ALTER TABLE `game`
  MODIFY `gameid` int(11) NOT NULL AUTO_INCREMENT;

ALTER TABLE `player`
  MODIFY `playerid` int(11) NOT NULL AUTO_INCREMENT;


ALTER TABLE `gameitem`
  ADD CONSTRAINT `FK_gameitem_game` FOREIGN KEY (`gameid`) REFERENCES `game` (`gameid`) ON DELETE CASCADE ON UPDATE CASCADE,
  ADD CONSTRAINT `FK_gameitem_item` FOREIGN KEY (`itemid`) REFERENCES `item` (`itemid`) ON DELETE CASCADE ON UPDATE CASCADE,
  ADD CONSTRAINT `FK_gameitem_itemloc` FOREIGN KEY (`itemlocid`) REFERENCES `itemloc` (`itemlocid`) ON DELETE CASCADE ON UPDATE CASCADE;

ALTER TABLE `gamemeta`
  ADD CONSTRAINT `FK_gamemeta_game` FOREIGN KEY (`gameid`) REFERENCES `game` (`gameid`) ON DELETE CASCADE ON UPDATE CASCADE;

ALTER TABLE `item`
  ADD CONSTRAINT `FK_item_source` FOREIGN KEY (`sourceid`) REFERENCES `source` (`sourceid`);

ALTER TABLE `player`
  ADD CONSTRAINT `FK_player_game` FOREIGN KEY (`gameid`) REFERENCES `game` (`gameid`) ON DELETE CASCADE ON UPDATE CASCADE;

ALTER TABLE `playeritemloc`
  ADD CONSTRAINT `FK_playeritemloc_itemloc` FOREIGN KEY (`itemlocid`) REFERENCES `itemloc` (`itemlocid`) ON DELETE CASCADE ON UPDATE CASCADE,
  ADD CONSTRAINT `FK_playeritemloc_player` FOREIGN KEY (`playerid`) REFERENCES `player` (`playerid`) ON DELETE CASCADE ON UPDATE CASCADE;

ALTER TABLE `playervital`
  ADD CONSTRAINT `FK_playervital_player` FOREIGN KEY (`playerid`) REFERENCES `player` (`playerid`) ON DELETE CASCADE ON UPDATE CASCADE,
  ADD CONSTRAINT `FK_playervital_vital` FOREIGN KEY (`sourceid`,`vitalid`) REFERENCES `vital` (`sourceid`, `vitalid`) ON DELETE CASCADE ON UPDATE CASCADE;

ALTER TABLE `region`
  ADD CONSTRAINT `FK_region_source` FOREIGN KEY (`sourceid`) REFERENCES `source` (`sourceid`);

ALTER TABLE `room`
  ADD CONSTRAINT `FK_room_region` FOREIGN KEY (`sourceid`,`regionid`) REFERENCES `region` (`sourceid`, `regionid`);

ALTER TABLE `vital`
  ADD CONSTRAINT `FK_vital_source` FOREIGN KEY (`sourceid`) REFERENCES `source` (`sourceid`) ON DELETE CASCADE ON UPDATE CASCADE;
COMMIT;

/*!40101 SET CHARACTER_SET_CLIENT=@OLD_CHARACTER_SET_CLIENT */;
/*!40101 SET CHARACTER_SET_RESULTS=@OLD_CHARACTER_SET_RESULTS */;
/*!40101 SET COLLATION_CONNECTION=@OLD_COLLATION_CONNECTION */;
